<?xml version="1.0" encoding="UTF-8"?>
<beans xmlns="http://www.springframework.org/schema/beans"
	xmlns:context="http://www.springframework.org/schema/context"
	xmlns:xsi="http://www.w3.org/2001/XMLSchema-instance"
	xsi:schemaLocation="http://www.springframework.org/schema/beans
	 http://www.springframework.org/schema/beans/spring-beans-3.1.xsd
	 http://www.springframework.org/schema/context
	 http://www.springframework.org/schema/context/spring-context-3.1.xsd">
	 <context:component-scan base-package="mypack"/>
    <bean id="datasource" destroy-method="close" class="org.apache.commons.dbcp.BasicDataSource">
	<property name="driverClassName" value="com.mysql.jdbc.Driver"/>
	<property name="url" value="jdbc:mysql://localhost:3306/mydb"/>
	<property name="username" value="root"/>
	<property name="password" value="root"/>
</bean>
<bean id="employeebo" class="mypack.EmployeeBO">
	<!-- <property name="employeedao" ref="employeedaofileimpl"/>-->
	<property name="employeedao" ref="employeedaodatabaseimpl"/>
</bean>
</beans>



































